Rank,fib_level,htf_swing_window,etf_swing_window,total_trades,win_rate,total_pnl,total_return,max_drawdown,sharpe_ratio,ann_std,trades_per_dd,dd_episodes,prop_firm_passes,prop_firm_fails,final_balance
1,0.786,7,3,3468,37.00%,252841.18,2528.41%,-11.36%,6.53,25.02%,1156.0,3,187,40,262841.18
2,0.786,5,3,3548,36.84%,255947.66,2559.48%,-10.06%,7.18,22.78%,1774.0,2,185,44,265947.66
3,0.786,15,3,3490,36.50%,246435.57,2464.36%,-22.82%,6.09,26.70%,218.125,16,176,37,256435.57
4,0.786,10,3,3514,36.23%,243568.28,2435.68%,-13.27%,6.71,24.08%,1171.3333333333333,3,174,31,253568.28
5,0.786,12,3,3545,35.51%,233926.23,2339.26%,-22.35%,6.15,26.01%,221.5625,16,171,41,243926.23
6,0.75,5,3,3568,37.47%,178000.0,1780.00%,-11.62%,6.4,22.87%,446.0,8,134,39,188000.0
7,0.75,15,3,3482,37.62%,175892.85,1758.93%,-26.04%,5.54,26.51%,497.42857142857144,7,130,35,185892.85
8,0.75,7,3,3479,37.54%,174592.85,1745.93%,-13.29%,5.7,25.66%,579.8333333333334,6,130,35,184592.85
9,0.75,12,3,3498,36.71%,163892.85,1638.93%,-25.69%,5.4,26.60%,318.0,11,126,42,173892.85
10,0.75,10,3,3490,37.02%,167892.85,1678.93%,-13.70%,5.81,24.84%,1163.3333333333333,3,123,31,177892.85
11,0.786,7,5,2261,35.60%,150068.22,1500.68%,-12.94%,5.61,24.78%,376.8333333333333,6,112,33,160068.22
12,0.786,10,5,2328,35.01%,148041.12,1480.41%,-14.24%,5.6,24.70%,582.0,4,111,32,158041.12
13,0.786,15,5,2240,35.58%,148429.91,1484.30%,-28.40%,5.45,25.47%,224.0,10,110,34,158429.91
14,0.786,12,5,2331,34.32%,140731.78,1407.32%,-30.42%,5.09,26.82%,86.33333333333333,27,109,38,150731.78
15,0.786,5,5,2369,35.04%,150950.47,1509.50%,-11.99%,6.06,22.91%,1184.5,2,109,27,160950.47
16,0.75,10,5,2291,37.06%,110500.0,1105.00%,-15.92%,5.04,24.82%,163.64285714285714,14,87,28,120500.0
17,0.75,7,5,2293,37.42%,113900.0,1139.00%,-14.44%,5.09,24.87%,91.72,25,86,25,123900.0
18,0.7,5,3,3477,38.60%,99633.33,996.33%,-14.64%,5.39,22.22%,231.8,15,84,35,109633.33
19,0.75,5,5,2379,36.70%,111300.0,1113.00%,-10.73%,5.45,22.92%,396.5,6,84,25,121300.0
20,0.786,15,7,1665,35.32%,108266.36,1082.66%,-11.53%,5.29,23.40%,416.25,4,83,21,118266.36
21,0.75,15,5,2249,37.35%,111100.0,1111.00%,-29.65%,5.06,24.78%,124.94444444444444,18,82,23,121100.0
22,0.75,12,5,2276,36.38%,103600.0,1036.00%,-31.76%,4.54,27.06%,78.48275862068965,29,81,28,113600.0
23,0.7,7,3,3394,38.77%,99344.04,993.44%,-16.97%,4.91,24.51%,242.42857142857142,14,81,29,109344.04
24,0.786,5,7,1765,34.16%,105275.7,1052.76%,-10.66%,5.66,21.59%,588.3333333333334,3,78,19,115275.7
25,0.786,7,7,1681,34.92%,106199.07,1061.99%,-11.93%,5.18,23.74%,560.3333333333334,3,77,15,116199.07
26,0.786,10,7,1735,34.52%,106406.54,1064.07%,-14.22%,5.15,23.93%,578.3333333333334,3,77,14,116406.54
27,0.786,12,7,1751,33.92%,102470.09,1024.70%,-15.18%,4.53,26.97%,97.27777777777777,18,76,17,112470.09
28,0.7,10,3,3373,38.07%,90777.38,907.77%,-17.80%,4.58,25.41%,177.52631578947367,19,76,31,100777.38
29,0.7,15,3,3337,38.24%,91710.71,917.11%,-29.52%,4.35,26.98%,145.08695652173913,23,74,28,101710.71
30,0.7,12,3,3395,37.64%,86577.38,865.77%,-30.03%,4.09,28.12%,89.34210526315789,38,71,29,96577.38
31,0.75,15,7,1684,36.70%,78800.0,788.00%,-13.25%,4.2,26.28%,140.33333333333334,12,61,18,88800.0
32,0.75,5,7,1773,36.10%,78700.0,787.00%,-10.40%,5.07,21.54%,443.25,4,61,20,88700.0
33,0.75,7,7,1718,37.02%,82600.0,826.00%,-11.81%,4.8,23.28%,1718.0,1,61,14,92600.0
34,0.75,12,7,1717,36.11%,76300.0,763.00%,-14.27%,3.86,28.39%,68.68,25,60,20,86300.0
35,0.75,10,7,1722,36.59%,79800.0,798.00%,-13.65%,4.63,23.83%,574.0,3,60,16,89800.0
36,0.65,5,3,3493,40.42%,54128.57,541.29%,-19.61%,3.94,23.81%,74.31914893617021,47,59,44,64128.57
37,0.786,7,10,1207,33.72%,69515.24,695.15%,-22.80%,4.88,21.27%,134.11111111111111,9,55,19,79515.24
38,0.7,15,5,2084,38.39%,58266.67,582.67%,-35.57%,3.51,27.89%,35.93103448275862,58,54,27,68266.67
39,0.7,10,5,2173,38.24%,59700.0,597.00%,-19.05%,3.75,26.31%,80.48148148148148,27,54,24,69700.0
40,0.786,15,10,1166,34.48%,71278.79,712.79%,-22.08%,4.8,21.90%,233.2,5,54,14,81278.79
41,0.786,10,10,1234,33.47%,69618.98,696.19%,-22.52%,4.64,22.48%,64.94736842105263,19,53,16,79618.98
42,0.786,5,10,1238,33.68%,71088.14,710.88%,-20.69%,5.33,19.62%,412.6666666666667,3,53,16,81088.14
43,0.7,12,5,2176,37.32%,53066.67,530.67%,-37.99%,3.11,30.55%,35.67213114754098,61,52,30,63066.67
44,0.7,7,5,2150,38.56%,61333.33,613.33%,-15.77%,3.88,25.66%,126.47058823529412,17,52,21,71333.33
45,0.65,7,3,3397,40.18%,50366.32,503.66%,-23.50%,3.21,28.71%,80.88095238095238,42,51,31,60366.32
46,0.786,12,10,1250,32.64%,65682.53,656.83%,-23.62%,3.97,25.79%,32.05128205128205,39,50,16,75682.53
47,0.7,5,5,2212,37.84%,57800.0,578.00%,-13.14%,4.13,23.38%,170.15384615384616,13,50,22,67800.0
48,0.65,15,3,3323,39.57%,43480.61,434.81%,-37.32%,2.62,33.44%,70.70212765957447,47,49,35,53480.61
49,0.65,12,3,3388,38.78%,36694.89,366.95%,-38.38%,2.27,36.17%,56.46666666666667,60,48,42,46694.89
50,0.65,10,3,3381,39.34%,41966.32,419.66%,-24.93%,2.87,29.65%,76.8409090909091,44,48,37,51966.32
51,0.75,5,10,1240,35.81%,53624.24,536.24%,-22.13%,4.77,19.39%,62.0,20,43,16,63624.24
52,0.75,10,10,1212,35.97%,53224.24,532.24%,-23.75%,4.02,23.15%,39.096774193548384,31,40,12,63224.24
53,0.75,7,10,1217,35.99%,53524.24,535.24%,-23.86%,4.26,21.82%,60.85,20,40,15,63524.24
54,0.75,12,10,1207,34.80%,47324.24,473.24%,-26.03%,3.3,27.00%,20.810344827586206,58,37,11,57324.24
55,0.75,15,10,1176,35.71%,50424.24,504.24%,-24.78%,3.68,24.79%,53.45454545454545,22,37,10,60424.24
56,0.786,7,15,814,33.78%,47379.5,473.79%,-15.67%,4.31,20.36%,54.266666666666666,15,37,12,57379.5
57,0.618,5,3,3378,41.62%,30262.83,302.63%,-25.69%,2.63,27.37%,64.96153846153847,52,37,30,40262.83
58,0.618,7,3,3303,41.20%,26043.49,260.43%,-30.04%,2.0,34.33%,31.759615384615383,104,36,31,36043.49
59,0.65,7,5,2233,40.80%,36985.71,369.86%,-16.85%,2.83,28.15%,35.44444444444444,63,36,21,46985.71
60,0.7,15,7,1564,37.92%,41266.67,412.67%,-17.82%,3.04,27.61%,62.56,25,36,17,51266.67
61,0.7,10,7,1635,37.98%,43500.0,435.00%,-13.90%,3.28,26.08%,148.63636363636363,11,35,13,53500.0
62,0.786,5,15,815,34.23%,49148.66,491.49%,-8.92%,5.11,17.33%,0.0,0,34,5,59148.66
63,0.786,15,15,776,34.41%,47441.18,474.41%,-16.10%,3.99,22.10%,21.555555555555557,36,34,8,57441.18
64,0.7,12,7,1629,37.38%,40100.0,401.00%,-21.41%,2.73,30.61%,22.315068493150687,73,34,14,50100.0
65,0.786,10,15,824,32.65%,43575.76,435.76%,-17.67%,3.79,22.38%,37.45454545454545,22,34,12,53575.76
66,0.65,10,5,2179,40.66%,35242.86,352.43%,-15.85%,2.87,27.08%,64.08823529411765,34,34,19,45242.86
67,0.7,7,7,1606,37.98%,42733.33,427.33%,-11.96%,3.46,24.40%,160.6,10,34,12,52733.33
68,0.65,15,5,2143,40.32%,32557.14,325.57%,-36.81%,2.48,30.44%,26.45679012345679,81,33,20,42557.14
69,0.65,12,5,2178,39.53%,28200.0,282.00%,-40.15%,2.11,33.76%,46.340425531914896,47,33,26,38200.0
70,0.65,5,5,2281,40.73%,37328.57,373.29%,-14.05%,3.29,24.01%,142.5625,16,33,16,47328.57
71,0.618,10,3,3266,40.32%,18225.16,182.25%,-41.05%,1.59,36.02%,37.54022988505747,87,32,34,28225.16
72,0.7,5,7,1654,37.06%,38933.33,389.33%,-16.20%,3.56,22.56%,59.07142857142857,28,32,13,48933.33
73,0.618,15,3,3221,40.67%,20892.7,208.93%,-38.06%,1.65,37.85%,29.55045871559633,109,31,31,30892.7
74,0.786,12,15,825,31.64%,39737.44,397.37%,-20.47%,3.23,25.35%,15.0,55,30,10,49737.44
75,0.75,7,15,800,35.25%,33035.25,330.35%,-19.72%,3.43,21.54%,40.0,20,29,15,43035.25
76,0.618,12,3,3286,39.84%,14130.92,141.31%,-49.45%,1.18,45.29%,39.59036144578313,83,28,32,24130.92
77,0.618,10,5,2147,42.34%,23258.12,232.58%,-20.51%,2.11,29.94%,32.53030303030303,66,27,20,33258.12
78,0.618,7,5,2190,42.24%,23146.6,231.47%,-23.04%,1.97,32.41%,29.2,75,26,20,33146.6
79,0.75,15,15,768,35.03%,31035.25,310.35%,-25.70%,2.81,25.76%,38.4,20,26,12,41035.25
80,0.618,15,5,2113,41.98%,20898.95,208.99%,-34.98%,1.74,35.37%,58.69444444444444,36,26,21,30898.95
81,0.75,10,15,807,34.32%,30335.25,303.35%,-23.51%,2.89,24.69%,28.821428571428573,28,25,10,40335.25
82,0.618,12,5,2144,41.32%,17537.17,175.37%,-45.58%,1.45,39.41%,30.62857142857143,70,25,22,27537.17
83,0.618,5,5,2246,42.48%,25138.22,251.38%,-18.07%,2.53,25.63%,40.836363636363636,55,25,16,35138.22
84,0.7,5,10,1179,36.73%,26453.54,264.54%,-28.90%,3.3,19.77%,147.375,8,25,13,36453.54
85,0.75,5,15,798,35.71%,34435.25,344.35%,-9.70%,4.27,17.45%,0.0,0,24,4,44435.25
86,0.7,7,10,1161,36.95%,26920.2,269.20%,-31.96%,2.87,23.25%,20.732142857142858,56,24,14,36920.2
87,0.7,10,10,1176,37.41%,29086.87,290.87%,-30.13%,2.89,24.11%,39.2,30,24,10,39086.87
88,0.75,12,15,811,33.54%,27935.25,279.35%,-33.74%,2.39,29.16%,23.17142857142857,35,23,10,37935.25
89,0.7,15,10,1095,36.89%,25186.87,251.87%,-33.00%,2.51,25.86%,30.416666666666668,36,23,12,35186.87
90,0.7,12,10,1153,36.34%,24386.87,243.87%,-33.65%,2.22,29.17%,18.901639344262296,61,22,11,34386.87
91,0.65,12,7,1567,39.31%,19300.0,193.00%,-31.89%,1.66,35.50%,27.017241379310345,58,22,17,29300.0
92,0.65,5,7,1637,39.95%,23157.14,231.57%,-18.34%,2.56,24.05%,71.17391304347827,23,22,13,33157.14
93,0.65,15,7,1537,39.62%,20300.0,203.00%,-27.33%,1.83,32.59%,43.91428571428571,35,21,15,30300.0
94,0.65,10,7,1569,39.96%,22242.86,222.43%,-18.01%,2.21,27.72%,21.493150684931507,73,20,11,32242.86
95,0.65,7,7,1586,40.16%,23400.0,234.00%,-17.36%,2.3,27.25%,23.671641791044777,67,19,8,33400.0
96,0.65,5,10,1183,40.74%,19431.6,194.32%,-30.07%,2.79,19.67%,69.58823529411765,17,19,10,29431.6
97,0.65,10,10,1134,39.95%,16045.89,160.46%,-35.90%,1.95,25.80%,24.127659574468087,47,17,12,26045.89
98,0.618,15,7,1539,42.30%,16518.85,165.19%,-35.55%,1.59,33.41%,33.45652173913044,46,17,12,26518.85
99,0.7,7,15,781,37.26%,19096.04,190.96%,-21.64%,2.53,21.57%,43.388888888888886,18,17,10,29096.04
100,0.7,15,15,729,37.31%,17962.71,179.63%,-29.67%,2.19,24.40%,13.017857142857142,56,16,9,27962.71
101,0.65,7,10,1164,39.86%,16188.75,161.89%,-35.39%,2.03,24.69%,16.869565217391305,69,16,12,26188.75
102,0.618,7,7,1582,42.23%,16669.11,166.69%,-26.27%,1.72,30.57%,18.183908045977013,87,16,9,26669.11
103,0.7,10,15,775,36.52%,17029.38,170.29%,-24.07%,2.21,23.31%,19.375,40,16,11,27029.38
104,0.618,12,7,1562,41.42%,13171.73,131.72%,-43.53%,1.18,42.33%,30.627450980392158,51,16,13,23171.73
105,0.7,5,15,780,37.69%,20196.04,201.96%,-13.20%,3.16,17.64%,390.0,2,16,6,30196.04
106,0.618,10,7,1575,42.10%,16060.21,160.60%,-23.00%,1.66,31.22%,12.022900763358779,131,15,9,26060.21
107,0.65,12,10,1122,39.04%,12960.17,129.60%,-39.45%,1.5,30.15%,13.046511627906977,86,15,12,22960.17
108,0.618,5,7,1634,42.23%,17228.27,172.28%,-26.75%,1.98,26.60%,26.35483870967742,62,15,9,27228.27
109,0.618,5,10,1163,43.34%,15637.17,156.37%,-32.22%,2.37,20.30%,72.6875,16,15,9,25637.17
110,0.618,12,10,1104,40.31%,6092.15,60.92%,-46.58%,0.83,35.71%,14.153846153846153,78,14,17,16092.15
111,0.65,15,10,1091,39.51%,14060.17,140.60%,-38.11%,1.76,26.46%,23.21276595744681,47,14,10,24060.17
112,0.7,12,15,764,35.21%,13462.71,134.63%,-40.35%,1.55,29.92%,12.524590163934427,61,13,8,23462.71
113,0.618,10,10,1118,41.23%,8880.63,88.81%,-41.71%,1.21,29.32%,16.686567164179106,67,13,13,18880.63
114,0.618,7,10,1150,41.74%,10654.45,106.54%,-38.94%,1.42,27.64%,22.115384615384617,52,13,12,20654.45
115,0.65,7,15,771,40.73%,12782.32,127.82%,-24.32%,2.02,21.10%,15.117647058823529,51,12,8,22782.32
116,0.65,10,15,758,39.45%,9796.61,97.97%,-25.26%,1.53,23.69%,15.791666666666666,48,12,12,19796.61
117,0.618,15,10,1080,40.93%,7706.81,77.07%,-43.63%,1.1,29.44%,20.37735849056604,53,12,12,17706.81
118,0.65,12,15,753,38.65%,8010.89,80.11%,-41.08%,1.16,28.13%,10.91304347826087,69,11,11,18010.89
119,0.65,5,15,769,41.48%,14410.89,144.11%,-13.55%,2.57,17.60%,769.0,1,11,4,24410.89
120,0.618,7,15,768,43.36%,10372.77,103.73%,-26.63%,1.67,22.36%,17.86046511627907,43,10,6,20372.77
121,0.618,15,15,740,42.70%,8722.51,87.23%,-30.86%,1.37,24.54%,11.044776119402986,67,9,6,18722.51
122,0.65,15,15,725,40.14%,10810.89,108.11%,-32.41%,1.6,24.28%,18.58974358974359,39,9,4,20810.89
123,0.618,10,15,766,41.91%,7431.41,74.31%,-29.80%,1.2,25.35%,9.820512820512821,78,8,7,17431.41
124,0.618,5,15,764,44.11%,11819.9,118.20%,-13.01%,2.19,18.24%,44.94117647058823,17,8,2,21819.9
125,0.618,12,15,764,41.10%,5798.95,57.99%,-43.93%,0.9,30.02%,17.363636363636363,44,6,6,15798.95
