Rank,fib_level,htf_swing_window,etf_swing_window,total_trades,win_rate,total_pnl,max_drawdown,sharpe_ratio,ann_std,dd_episodes,final_balance
1,0.786,7,5,477,41.72%,824172.6,-37.44%,10.8,85.95%,25,834172.6
2,0.786,10,5,492,39.43%,559683.49,-37.44%,10.21,82.99%,23,569683.49
3,0.786,5,5,516,36.43%,318291.04,-27.22%,8.68,84.85%,16,328291.04
4,0.786,7,10,245,41.63%,85552.28,-67.04%,7.58,62.01%,12,95552.28
5,0.786,3,5,522,33.52%,159699.15,-27.22%,7.37,81.33%,39,169699.15
6,0.786,7,15,155,41.94%,33569.61,-13.70%,7.11,42.56%,2,43569.61
7,0.786,10,15,143,43.36%,32802.71,-9.71%,7.0,42.72%,0,42802.71
8,0.786,10,10,239,39.75%,63488.53,-67.04%,6.64,62.89%,8,73488.53
9,0.786,7,20,127,41.73%,23192.33,-12.82%,6.52,37.74%,1,33192.33
10,0.786,10,20,120,42.50%,22473.67,-12.25%,6.51,37.10%,9,32473.67
11,0.786,5,10,261,35.25%,41298.39,-65.77%,5.63,61.23%,4,51298.39
12,0.786,5,15,156,35.26%,17196.84,-12.14%,5.27,39.29%,10,27196.84
13,0.786,5,20,130,36.15%,14420.98,-11.13%,5.08,36.26%,3,24420.98
14,0.786,3,10,274,33.21%,32986.42,-65.77%,5.06,61.01%,35,42986.42
15,0.618,7,5,461,47.29%,19125.42,-27.33%,4.66,48.19%,14,29125.42
16,0.618,7,15,168,50.60%,7374.98,-9.20%,4.54,24.88%,0,17374.98
17,0.618,7,20,132,53.03%,6630.7,-9.74%,4.49,23.10%,0,16630.7
18,0.618,10,15,166,50.00%,6826.14,-11.29%,4.24,25.12%,13,16826.14
19,0.618,10,5,466,45.92%,14952.25,-27.33%,4.04,47.91%,20,24952.25
20,0.618,10,20,133,51.13%,5627.03,-11.29%,3.84,23.82%,10,15627.03
21,0.786,3,15,167,30.54%,10248.16,-20.55%,3.66,40.56%,25,20248.16
22,0.618,7,10,235,47.23%,7294.82,-54.99%,3.54,32.23%,1,17294.82
23,0.786,3,20,134,29.85%,6986.1,-18.13%,3.08,36.29%,38,16986.1
24,0.618,10,10,238,45.80%,5927.68,-54.99%,2.94,33.38%,1,15927.68
25,0.618,5,5,482,43.78%,9398.32,-22.98%,2.88,50.00%,49,19398.32
26,0.618,5,15,169,45.56%,3704.62,-12.63%,2.62,25.13%,11,13704.62
27,0.618,5,10,238,44.54%,4601.54,-54.43%,2.41,33.50%,5,14601.54
28,0.618,3,15,172,44.77%,3297.58,-12.72%,2.24,26.86%,20,13297.58
29,0.5,10,15,178,55.62%,2316.32,-12.81%,2.11,20.65%,18,12316.32
30,0.5,7,15,175,55.43%,2195.59,-9.55%,2.07,20.04%,0,12195.59
31,0.5,7,10,255,54.51%,2642.65,-49.21%,1.88,26.56%,1,12642.65
32,0.618,5,20,129,44.19%,2208.3,-11.74%,1.85,22.82%,3,12208.3
33,0.5,7,20,139,55.40%,1738.49,-8.64%,1.83,18.35%,0,11738.49
34,0.5,10,10,256,54.30%,2516.22,-49.21%,1.76,27.41%,1,12516.22
35,0.618,3,20,135,43.70%,2109.76,-10.08%,1.72,23.79%,3,12109.76
36,0.618,3,10,241,41.91%,2434.59,-54.43%,1.45,33.71%,7,12434.59
37,0.5,10,20,139,53.96%,1278.21,-11.97%,1.38,18.51%,5,11278.21
38,0.5,5,10,244,52.46%,1254.75,-50.52%,1.0,27.07%,1,11254.75
39,0.5,7,5,474,51.05%,980.5,-26.39%,0.73,32.61%,10,10980.5
40,0.382,7,15,197,62.94%,454.06,-10.51%,0.62,16.37%,4,10454.06
41,0.618,3,5,489,38.85%,451.62,-27.34%,0.42,50.06%,35,10451.62
42,0.382,7,10,274,62.41%,330.53,-47.60%,0.42,20.12%,1,10330.53
43,0.382,10,15,202,62.38%,269.35,-13.08%,0.4,16.80%,19,10269.35
44,0.382,7,20,157,61.78%,87.17,-7.57%,0.19,14.89%,0,10087.17
45,0.5,3,10,243,49.79%,-116.8,-52.62%,0.05,27.11%,1,9883.2
46,0.5,5,15,168,49.40%,-174.54,-19.61%,-0.07,20.33%,29,9825.46
47,0.382,10,10,273,61.17%,-220.35,-48.56%,-0.11,20.62%,1,9779.65
48,0.5,10,5,475,49.47%,-549.52,-31.04%,-0.15,34.58%,9,9450.48
49,0.5,5,20,135,48.89%,-256.24,-15.71%,-0.19,18.57%,21,9743.76
50,0.382,10,20,159,60.38%,-272.55,-10.87%,-0.29,14.97%,8,9727.45
51,0.5,3,15,170,48.24%,-560.76,-20.85%,-0.45,20.69%,3,9439.24
52,0.382,5,10,261,59.39%,-967.63,-51.32%,-0.9,20.21%,1,9032.37
53,0.5,3,20,137,45.99%,-1006.3,-18.36%,-1.08,18.04%,16,8993.7
54,0.5,5,5,455,47.69%,-1993.7,-38.63%,-1.14,33.82%,6,8006.3
55,0.382,5,20,154,57.79%,-916.22,-17.37%,-1.23,14.65%,42,9083.78
56,0.382,5,15,188,56.91%,-1358.25,-22.58%,-1.68,16.40%,9,8641.75
57,0.382,3,10,254,57.09%,-1759.66,-52.26%,-1.71,21.14%,1,8240.34
58,0.382,7,5,468,58.55%,-2191.37,-34.89%,-1.97,23.48%,20,7808.63
59,0.382,3,15,183,55.19%,-1755.21,-25.65%,-2.19,16.84%,2,8244.79
60,0.382,10,5,458,57.64%,-2658.02,-38.74%,-2.27,25.50%,3,7341.98
61,0.382,3,20,150,54.67%,-1558.13,-20.77%,-2.35,13.90%,13,8441.87
62,0.5,3,5,460,43.70%,-4471.22,-49.64%,-3.17,35.06%,7,5528.78
63,0.382,5,5,444,54.95%,-3922.95,-48.04%,-3.85,24.81%,5,6077.05
64,0.382,3,5,443,52.82%,-4780.27,-52.11%,-4.76,26.30%,12,5219.73
