time,open,high,low,close,tick_volume,spread,real_volume,anchor_swing_high,anchor_swing_low,anchor_midpoint,bias,setup_id,setup_dir,sweep_time,sweep_price,bos_time,bos_price,entry_level,sl_level,tp_level,fvg_low,fvg_high,entry_in_fvg
2026-04-03 00:45:00,66757.45,66941.4,66744.65,66932.31,2410,1500,0,69294.54,65884.35,67589.445,1,,,,,,,,,,,,False
2026-04-03 01:00:00,66919.56,66996.38,66856.64,66869.51,2777,1500,0,69294.54,65884.35,67589.445,1,,,,,,,,,,,,False
2026-04-03 01:15:00,66869.45,66993.91,66793.3,66895.43,3027,1500,0,69294.54,65884.35,67589.445,1,,,,,,,,,,,,False
2026-04-03 01:30:00,66897.39,66997.9,66890.89,66960.65,2496,1500,0,69294.54,65884.35,67589.445,1,,,,,,,,,,,,False
2026-04-03 01:45:00,66953.92,67043.92,66894.31,66973.63,2014,1500,0,69294.54,65884.35,67589.445,1,,,,,,,,,,,,False
2026-04-03 02:00:00,66973.69,67088.39,66910.92,66948.79,2925,1500,0,69294.54,65884.35,67589.445,1,,,,,,,,,,,,False
2026-04-03 02:15:00,66948.8,67024.41,66906.24,66914.93,3374,1500,0,69294.54,65884.35,67589.445,1,,,,,,,,,,,,False
2026-04-03 02:30:00,66914.88,66965.42,66847.15,66860.24,3295,1500,0,69294.54,65884.35,67589.445,1,,,,,,,,,,,,False
2026-04-03 02:45:00,66860.04,66901.98,66816.8,66887.52,3341,1500,0,69294.54,65884.35,67589.445,1,,,,,,,,,,,,False
2026-04-03 03:00:00,66888.37,66988.0,66764.59,66857.48,3280,1500,0,69294.54,65884.35,67589.445,1,,,,,,,,,,,,False
2026-04-03 03:15:00,66855.67,66953.04,66770.88,66810.39,2967,1500,0,69294.54,65884.35,67589.445,1,,,,,,,,,,,,False
2026-04-03 03:30:00,66810.39,66905.53,66736.47,66788.5,2587,1500,0,69294.54,65884.35,67589.445,1,,,,,,,,,,,,False
2026-04-03 03:45:00,66785.46,66791.54,66670.14,66778.96,2060,1500,0,69294.54,65884.35,67589.445,1,,,,,,,,,,,,False
2026-04-03 04:00:00,66778.96,66846.69,66706.52,66820.13,1918,1500,0,69294.54,65884.35,67589.445,1,,,,,,,,,,,,False
2026-04-03 04:15:00,66820.13,66887.26,66712.81,66843.74,2237,1500,0,69294.54,65884.35,67589.445,1,,,,,,,,,,,,False
2026-04-03 04:30:00,66843.89,66898.28,66439.75,66543.67,3134,1500,0,69294.54,65884.35,67589.445,1,,,,,,,,,,,,False
2026-04-03 04:45:00,66546.08,66631.17,66457.93,66628.94,2327,1500,0,69294.54,65884.35,67589.445,1,,,,,,,,,,,,False
2026-04-03 05:00:00,66627.41,66628.01,66370.47,66497.23,2484,1500,0,69294.54,65884.35,67589.445,1,,,,,,,,,,,,False
2026-04-03 05:15:00,66497.23,66729.66,66418.3,66430.09,2616,1500,0,69294.54,65884.35,67589.445,1,,,,,,,,,,,,False
2026-04-03 05:30:00,66429.52,66503.22,66233.35,66335.7,3364,1500,0,69294.54,65884.35,67589.445,1,,,,,,,,,,,,False
2026-04-03 05:45:00,66334.76,66532.07,66287.85,66528.13,3433,1500,0,69294.54,65884.35,67589.445,1,,,,,,,,,,,,False
2026-04-03 06:00:00,66528.06,66653.71,66446.26,66652.6,3475,1500,0,69294.54,65884.35,67589.445,1,,,,,,,,,,,,False
2026-04-03 06:15:00,66652.92,66717.62,66567.45,66607.98,3485,1500,0,69294.54,65884.35,67589.445,1,,,,,,,,,,,,False
2026-04-03 06:30:00,66606.52,66700.3,66494.36,66583.45,3451,1500,0,69294.54,65884.35,67589.445,1,,,,,,,,,,,,False
2026-04-03 06:45:00,66584.72,66639.06,66521.71,66571.43,3225,1500,0,69294.54,65884.35,67589.445,1,,,,,,,,,,,,False
2026-04-03 07:00:00,66571.07,66653.67,66542.61,66606.86,3313,1500,0,69294.54,65884.35,67589.445,1,,,,,,,,,,,,False
2026-04-03 07:15:00,66607.45,66695.99,66520.71,66535.03,3389,1500,0,69294.54,65884.35,67589.445,1,,,,,,,,,,,,False
2026-04-03 07:30:00,66534.96,66605.81,66455.75,66578.08,3474,1500,0,69294.54,65884.35,67589.445,1,,,,,,,,,,,,False
2026-04-03 07:45:00,66579.08,66669.72,66542.64,66601.47,3356,1500,0,69294.54,65884.35,67589.445,1,,,,,,,,,,,,False
2026-04-03 08:00:00,66599.05,66663.82,66562.51,66574.67,3343,1500,0,69294.54,65884.35,67589.445,1,,,,,,,,,,,,False
2026-04-03 08:15:00,66574.69,66583.6,66377.1,66571.38,3449,1500,0,69294.54,65884.35,67589.445,1,,,,,,,,,,,,False
2026-04-03 08:30:00,66568.96,66796.56,66564.08,66770.57,3582,1500,0,69294.54,65884.35,67589.445,1,3771.0,1.0,2026-04-03 06:30:00,66494.36,2026-04-03 08:30:00,66770.57,66599.87222,66494.36,66770.57,,,False
2026-04-03 08:45:00,66770.57,66771.17,66500.42,66608.82,3239,1500,0,69294.54,65884.35,67589.445,1,,,,,,,,,,,,False
2026-04-03 09:00:00,66607.71,66663.71,66543.82,66658.4,3372,1500,0,69294.54,65884.35,67589.445,1,,,,,,,,,,,,False
2026-04-03 09:15:00,66654.56,66694.01,66569.02,66624.29,3348,1500,0,69294.54,65884.35,67589.445,1,,,,,,,,,,,,False
2026-04-03 09:30:00,66627.27,66776.71,66552.73,66727.49,3451,1500,0,69294.54,65884.35,67589.445,1,,,,,,,,,,,,False
2026-04-03 09:45:00,66712.88,66796.52,66686.23,66784.14,3390,1500,0,69294.54,65884.35,67589.445,1,,,,,,,,,,,,False
2026-04-03 10:00:00,66783.91,66901.98,66734.69,66795.9,3413,1500,0,69294.54,65884.35,67589.445,1,,,,,,,,,,,,False
2026-04-03 10:15:00,66793.14,66937.05,66765.82,66933.36,3286,1500,0,69294.54,65884.35,67589.445,1,3772.0,1.0,2026-04-03 08:45:00,66500.42,2026-04-03 10:15:00,66933.36,66665.80308,66500.42,66933.36,,,False
2026-04-03 10:30:00,66933.38,67241.19,66888.6,67070.99,3488,1500,0,69294.54,65884.35,67589.445,1,,,,,,,,,,,,False
2026-04-03 10:45:00,67070.82,67117.04,66974.15,67045.66,3340,1500,0,69294.54,65884.35,67589.445,1,,,,,,,,,,,,False
2026-04-03 11:00:00,67045.44,67292.9,66997.23,67136.16,2972,1500,0,69294.54,65884.35,67589.445,1,,,,,,,,,,,,False
2026-04-03 11:15:00,67132.85,67223.86,67033.29,67047.24,2525,1500,0,69294.54,65884.35,67589.445,1,,,,,,,,,,,,False
2026-04-03 11:30:00,67037.01,67124.38,66876.26,66916.48,3417,1500,0,69294.54,65884.35,67589.445,1,,,,,,,,,,,,False
2026-04-03 11:45:00,66916.27,67008.22,66879.67,66964.7,3038,1500,0,69294.54,65884.35,67589.445,1,,,,,,,,,,,,False
2026-04-03 12:00:00,66965.05,67009.65,66849.66,66881.73,3397,1500,0,69294.54,65884.35,67589.445,1,,,,,,,,,,,,False
2026-04-03 12:15:00,66880.93,66925.23,66710.98,66800.08,3388,1500,0,69294.54,65884.35,67589.445,1,,,,,,,,,,,,False
2026-04-03 12:30:00,66800.14,66919.45,66762.86,66890.7,3310,1500,0,69294.54,65884.35,67589.445,1,,,,,,,,,,,,False
2026-04-03 12:45:00,66897.6,66897.66,66773.66,66848.65,3354,1500,0,69294.54,65884.35,67589.445,1,,,,,,,,,,,,False
2026-04-03 13:00:00,66848.56,66848.85,66742.69,66821.19,3240,1500,0,69294.54,65884.35,67589.445,1,,,,,,,,,,,,False
2026-04-03 13:15:00,66821.2,66873.03,66735.84,66761.75,3263,1500,0,69294.54,65884.35,67589.445,1,,,,,,,,,,,,False
2026-04-03 13:30:00,66761.79,66799.31,66651.18,66785.0,3408,1500,0,69294.54,65884.35,67589.445,1,,,,,,,,,,,,False
2026-04-03 13:45:00,66773.19,66898.15,66759.68,66867.09,3400,1500,0,69294.54,65884.35,67589.445,1,,,,,,,,,,,,False
2026-04-03 14:00:00,66868.69,66904.48,66797.42,66835.73,3362,1500,0,69294.54,65884.35,67589.445,1,,,,,,,,,,,,False
2026-04-03 14:15:00,66837.43,66963.01,66807.19,66924.61,3408,1500,0,69294.54,65884.35,67589.445,1,,,,,,,,,,,,False
2026-04-03 14:30:00,66924.03,67056.59,66884.38,66995.71,3447,1500,0,69294.54,65884.35,67589.445,1,,,,,,,,,,,,False
2026-04-03 14:45:00,66995.3,67042.13,66920.54,67013.34,3317,1500,0,69294.54,65884.35,67589.445,1,,,,,,,,,,,,False
2026-04-03 15:00:00,67013.34,67058.87,66888.26,67011.04,3373,1500,0,69294.54,65884.35,67589.445,1,,,,,,,,,,,,False
2026-04-03 15:15:00,67012.42,67125.53,66923.64,67063.03,3456,1500,0,69294.54,65884.35,67589.445,1,3773.0,1.0,2026-04-03 15:00:00,66888.26,2026-04-03 15:15:00,67063.03,66955.02214,66888.26,67063.03,,,False
2026-04-03 15:30:00,67070.7,67337.54,66759.73,66871.59,3266,1500,0,69294.54,65884.35,67589.445,1,,,,,,,,,,,,False
2026-04-03 15:45:00,66870.31,66901.3,66585.19,66732.54,2598,1500,0,69294.54,65884.35,67589.445,1,,,,,,,,,,,,False
2026-04-03 16:00:00,66733.58,66748.39,66505.38,66647.05,2741,1500,0,69294.54,65884.35,67589.445,1,,,,,,,,,,,,False
2026-04-03 16:15:00,66646.99,66732.39,66584.55,66690.91,3254,1500,0,69294.54,65884.35,67589.445,1,,,,,,,,,,,,False
2026-04-03 16:30:00,66691.17,66692.25,66535.9,66572.67,3490,1500,0,69294.54,65884.35,67589.445,1,,,,,,,,,,,,False
2026-04-03 16:45:00,66572.68,66692.19,66471.33,66669.23,3541,1500,0,69294.54,65884.35,67589.445,1,,,,,,,,,,,,False
2026-04-03 17:00:00,66649.06,66806.97,66602.61,66766.45,3515,1500,0,69294.54,65884.35,67589.445,1,,,,,,,,,,,,False
2026-04-03 17:15:00,66766.95,66976.89,66697.69,66890.98,3544,1500,0,69294.54,65884.35,67589.445,1,,,,,,,,,,,,False
2026-04-03 17:30:00,66891.12,66936.38,66768.3,66798.4,3487,1500,0,69294.54,65884.35,67589.445,1,,,,,,,,,,,,False
2026-04-03 17:45:00,66785.05,66990.6,66777.57,66926.45,3297,1500,0,69294.54,65884.35,67589.445,1,3774.0,1.0,2026-04-03 16:00:00,66505.38,2026-04-03 17:45:00,66926.45,66666.22874,66505.38,66926.45,66692.19,66697.69,False
2026-04-03 18:00:00,66927.99,67024.48,66878.71,66958.98,3441,1500,0,69294.54,65884.35,67589.445,1,,,,,,,,,,,,False
2026-04-03 18:15:00,66958.99,66960.69,66827.08,66911.01,3307,1500,0,69294.54,65884.35,67589.445,1,,,,,,,,,,,,False
2026-04-03 18:30:00,66921.22,66988.77,66802.83,66841.75,3452,1500,0,69294.54,65884.35,67589.445,1,,,,,,,,,,,,False
2026-04-03 18:45:00,66829.85,66866.56,66781.93,66818.25,3317,1500,0,69294.54,65884.35,67589.445,1,,,,,,,,,,,,False
2026-04-03 19:00:00,66817.01,66913.27,66784.37,66896.44,3346,1500,0,69294.54,65884.35,67589.445,1,,,,,,,,,,,,False
2026-04-03 19:15:00,66896.44,66991.75,66843.61,66986.19,3307,1500,0,69294.54,65884.35,67589.445,1,,,,,,,,,,,,False
2026-04-03 19:30:00,66986.06,67010.04,66904.25,66960.69,3225,1500,0,69294.54,65884.35,67589.445,1,,,,,,,,,,,,False
2026-04-03 19:45:00,66960.77,67060.12,66915.48,66997.04,2999,1500,0,69294.54,65884.35,67589.445,1,,,,,,,,,,,,False
2026-04-03 20:00:00,66997.69,67064.79,66943.55,66947.07,2740,1500,0,69294.54,65884.35,67589.445,1,,,,,,,,,,,,False
2026-04-03 20:15:00,66941.03,66973.48,66712.9,66860.17,3555,1500,0,69294.54,65884.35,67589.445,1,,,,,,,,,,,,False
2026-04-03 20:30:00,66860.12,66954.99,66827.51,66879.16,3377,1500,0,69294.54,65884.35,67589.445,1,,,,,,,,,,,,False
2026-04-03 20:45:00,66880.92,66900.38,66780.2,66818.72,3295,1500,0,69294.54,65884.35,67589.445,1,,,,,,,,,,,,False
2026-04-03 21:00:00,66818.95,66851.03,66751.47,66811.87,3122,1500,0,69294.54,65884.35,67589.445,1,,,,,,,,,,,,False
2026-04-03 21:15:00,66811.88,66922.78,66787.66,66861.85,3333,1500,0,69294.54,65884.35,67589.445,1,,,,,,,,,,,,False
2026-04-03 21:30:00,66862.33,66916.29,66787.28,66837.94,3204,1500,0,69294.54,65884.35,67589.445,1,,,,,,,,,,,,False
2026-04-03 21:45:00,66837.95,66846.83,66773.14,66796.25,3160,1500,0,69294.54,65884.35,67589.445,1,,,,,,,,,,,,False
2026-04-03 22:00:00,66796.23,66851.51,66748.99,66762.83,3279,1500,0,69294.54,65884.35,67589.445,1,,,,,,,,,,,,False
2026-04-03 22:15:00,66761.23,66841.01,66743.66,66773.86,3041,1500,0,69294.54,65884.35,67589.445,1,,,,,,,,,,,,False
2026-04-03 22:30:00,66773.84,66845.92,66756.9,66840.07,3086,1500,0,69294.54,65884.35,67589.445,1,,,,,,,,,,,,False
2026-04-03 22:45:00,66825.91,66893.83,66824.26,66855.46,2958,1500,0,69294.54,65884.35,67589.445,1,,,,,,,,,,,,False
2026-04-03 23:00:00,66863.55,66901.28,66811.6,66883.55,3172,1500,0,69294.54,65884.35,67589.445,1,,,,,,,,,,,,False
2026-04-03 23:15:00,66884.7,66904.94,66838.64,66875.86,3100,1500,0,69294.54,65884.35,67589.445,1,,,,,,,,,,,,False
2026-04-03 23:30:00,66875.85,66917.56,66831.47,66874.57,3245,1500,0,69294.54,65884.35,67589.445,1,,,,,,,,,,,,False
2026-04-03 23:45:00,66870.83,66902.21,66825.36,66834.15,2101,1500,0,69294.54,65884.35,67589.445,1,,,,,,,,,,,,False
2026-04-04 00:00:00,66819.0,66929.02,66797.62,66902.33,2949,1702,0,69294.54,65669.32,67481.93,1,,,,,,,,,,,,False
2026-04-04 00:15:00,66900.55,66924.37,66844.33,66873.81,3191,1652,0,69294.54,65669.32,67481.93,1,,,,,,,,,,,,False
2026-04-04 00:30:00,66872.41,66934.38,66849.7,66932.47,3234,1652,0,69294.54,65669.32,67481.93,1,3775.0,1.0,2026-04-03 23:30:00,66831.47,2026-04-04 00:30:00,66932.47,66870.052,66831.47,66932.47,,,False
2026-04-04 00:45:00,66932.6,66967.52,66882.33,66938.48,3203,1652,0,69294.54,65669.32,67481.93,1,,,,,,,,,,,,False
2026-04-04 01:00:00,66938.41,66951.38,66806.33,66852.58,3371,1652,0,69294.54,65669.32,67481.93,1,,,,,,,,,,,,False
2026-04-04 01:15:00,66851.15,66921.5,66835.61,66898.47,3274,1652,0,69294.54,65669.32,67481.93,1,,,,,,,,,,,,False
2026-04-04 01:30:00,66898.54,66948.93,66884.5,66912.58,3151,1652,0,69294.54,65669.32,67481.93,1,,,,,,,,,,,,False
